chain,Currency,owner1,owner2,owner3,owner4
BTC,BTC,4.568627451,1,0,0
ETH,ETH,4.504901961,2,0,0
BSC,BNB,4.441176471,3,0,0
SOL,USDT,4.37745098,4,0,0
ADA,ADA,4.31372549,5,0,0
SOL,USDC,4.25,0,0,0
SOL,SOL,4.18627451,0,0,0
XRP,XRP,4.12254902,0,0,0
FTM,LUNA,4.058823529,0,0,0
DOT,DOT,3.995098039,0,0,3.11
FTM,AVAX,3.931372549,0,0,0
MATIC,MATIC,3.867647059,0,0,0
FTM,LINK,3.803921569,0,0,0
SOL,WBTC,3.740196078,0,0,0
ATOM,ATOM,3.676470588,0,0,0
SOL,UST,3.612745098,0,0,0
LTC,LTC,3.549019608,0,0,0
MATIC,DAI,3.485294118,0,0,0
SOL,UNI,3.421568627,0,0,0
BCH,BCH,3.357843137,0,0,0
FTM,FTM,3.294117647,0,0,0
TRX,TRX,3.230392157,0,0,0
SOL,FTT,3.166666667,0,0,0
VET,VET,3.102941176,0,0,0
ETC,ETC,3.039215686,5,0,0
XMR,XMR,2.975490196,4,0,0
XTZ,XTZ,2.911764706,3,0,0
ETH,AAVE,2.848039216,2,0,0
BSC,CAKE,2.784313725,1,0,1.004
ETH,GRT,2.720588235,1,0,0
ATOM,OSMO,2.656862745,2,0,0
DOT,KSM,2.593137255,3,0,0
ETH,AMP,2.529411765,4,0,0
FTM,CRV,2.465686275,5,0,0
ETH,LRC,2.401960784,0,0,0
DASH,DASH,2.338235294,0,0,0
ETH,NEXO,2.274509804,0,0,0
SOL,SUSHI,2.210784314,0,0,0
MINA,MINA,2.147058824,0,0,0
ETH,COMP,2.083333333,0,0,0
ETH,HOT,2.019607843,0,0,0
ETH,LPT,1.955882353,0,0,0
ATOM,KAVA,1.892156863,0,0,0
ETH,RLY,1.828431373,0,0,0
ATOM,JUNO,1.764705882,0,0,0
CKB,CKB,1.700980392,0,0,0
MATIC,TEL,1.637254902,0,0,0
FTM,ANY,1.573529412,0,0,0
DAG,DAG,1.509803922,0,0,0
ETH,REN,1.446078431,0,0,0
ETH,POLY,1.382352941,0,0,0
SOL,RAY,1.318627451,0,0,0
SOL,SRM,1.254901961,0,0,0
CSPR,CSPR,1.191176471,5,0,0
ETH,KEEP,1.12745098,4,0,0
ETH,ALPHA,1.06372549,3,0,0
SOL,STSOL,1,2,0,0
DOT,BFC,0.93627451,1,0,0
FTM,BOO,0.87254902,1,0,0
VET,VTHO,0.808823529,2,0,0
MATIC,MIMATIC,0.745098039,3,1,0
ERG,ERG,0.681372549,4,0,0
SOL,MNGO,0.617647059,5,0,0
NKN,NKN,0.553921569,0,0,0
KAI,KAI,0.490196078,0,2,0
ETH,BAL,0.426470588,0,0,0
ARRR,ARRR,0.362745098,0,0,0
BSC,XVS,0.299019608,0,0,0
SOL,LDO,0.235294118,0,0,0
DOT,CLV,0.171568627,0,0,0
HNS,HNS,0.107843137,0,0,0
BSC,BIFI,0.171568627,0,3,0
DERO,DERO,0.235294118,0,0,0
ATOM,LINA,0.299019608,0,0,0
WAN,WAN,0.362745098,0,0,0
CELO,CUSD,0.426470588,0,0,0
MATIC,QUICK,0.490196078,0,0,0
ETH,FARM,0.553921569,0,0,0
FTM,SPIRIT,0.617647059,0,4,0
SOL,SBR,0.681372549,0,0,0
ETH,XFT,0.745098039,0,0,0
ATOM,EROWAN,0.808823529,0,0,0
ETH,PHA,0.87254902,5,0,0
ETH,FORTH,0.93627451,4,0,0
ETH,HAI,1,3,0,0
ETH,ZKS,1.06372549,2,0,0
AION,AION,1.12745098,1,0,0
BSC,VAI,1.191176471,1,0,0.004
SOL,DFL,1.254901961,2,0,0
SOL,ORCA,1.318627451,3,0,0
ETH,INST,1.382352941,4,0,0
ETH,UBSN,1.446078431,5,0,0
FTM,BEETS,1.509803922,0,2,0
MATIC,QI,1.573529412,0,0,0
ETH,XHDX,1.637254902,0,0,0
FTM,OOE,1.700980392,0,0,0
NIM,NIM,1.764705882,0,0,0
ETH,UMB,1.828431373,0,0,0
AVAX,PNG,1.892156863,0,0,0
SOL,STEP,1.955882353,0,0,0
ETH,CVP,2.019607843,0,0,0
ETH,STAKE,2.083333333,0,0,0
FTM,TREEB,2.147058824,0,0,0
SOL,SLND,2.210784314,0,0,0
FTM,BRUSH,2.274509804,0,0,0
ETH,MTA,2.338235294,0,0,0
FTM,SCREAM,2.401960784,0,0,0
FTM,TAROT,2.465686275,0,0,0
ETH,KYL,2.529411765,0,0,0
FTM,DFYN,2.593137255,0,40,0
ETH,RADAR,2.656862745,0,0,0
SOL,TULIP,2.720588235,5,0,0
ETH,SKU,2.784313725,4,0,0
WTC,WTC,2.848039216,3,0,0
ETH,PCT,2.911764706,2,0,0
ETH,BAO,2.975490196,1,0,0
ETH,FOAM,3.039215686,1,0,0
SOL,RIN,3.102941176,2,0,0
SOL,COPE,3.166666667,3,0,0
SOL,SNY,3.230392157,4,0,0
MATIC,YEL,3.294117647,5,0,0
SOL,MNDE,3.357843137,0,0,0
ETH,TONE,3.421568627,0,0,0
ETH,KEX,3.485294118,0,0,0
SOL,PORT,3.549019608,0,2,0
SOL,MER,3.612745098,0,0,0
MATIC,WSG,3.676470588,0,0,0
ATOM,IOV,3.740196078,0,0,0
ETH,RFUEL,3.803921569,0,0,0
SOL,UBXT,3.867647059,0,0,0
ETH,ARMOR,3.931372549,0,0,0
ETH,RDN,3.995098039,0,0,0
MATIC,COMBO,4.058823529,0,0,0
ETH,PI,4.12254902,0,0,0
MATIC,PICKLE,4.18627451,0,0,0.59
SOL,GTON,4.25,0,0,0
ETH,GLQ,4.31372549,0,0,0
ETH,FIN,4.37745098,0,0,0
SOL,LIQ,4.441176471,0,0,0
MATIC,DINO,4.504901961,0,0,0
SOL,FAB,4.568627451,5,0,0
ETH,BUIDL,4.632352941,4,0,0
ETH,MAN,4.696078431,3,0,0
SOL,IVN,4.759803922,2,0,0
SOL,CRP,4.823529412,1,1,0
ETH,KICK,4.887254902,1,0,0
ETH,SRN,4.950980392,2,0,0
SOL,WAG,5.014705882,3,0,0
NYZO,NYZO,5.078431373,4,0,0
ETH,QUAI,5.142156863,5,0,0
ETH,OCN,5.205882353,0,0,0
ETH,EXRN,5.269607843,0,0,0
ETH,ESD,5.333333333,0,0,0
ETH,DHV,5.397058824,0,0,0
ETH,LKR,5.460784314,0,0,0
ETH,PHNX,5.524509804,0,0,0
SOL,RENDOGE,5.588235294,0,0,0
ETH,UNN,5.651960784,0,0,0
ETH,CNTR,5.715686275,0,0,0
ETH,PLE,5.779411765,0,0,0
ETH,NSURE,5.843137255,0,0,0
ETH,DMG,5.906862745,0,0,0
ETH,WINGS,5.970588235,0,2,0
MATIC,MATRIX,6.034313725,0,0,0
SOL,SOLD,6.098039216,0,0,0
ETH,IMT,6.161764706,0,0,0
TUBE,TUBE,6.225490196,0,0,0
KLP,KLP,6.289215686,0,0,0
PHR,PHR,6.352941176,0,0,0
ETH,ADD,6.416666667,5,0,0
ETH,MM,6.480392157,4,0,0
ETH,SS,6.544117647,3,0,0
SOL,MDF,6.607843137,2,0,0
SOL,PRISM,6.671568627,1,0,0
SOL,BART,6.735294118,1,0,0
ETH,BANCA,6.799019608,2,0,0
SOL,ROPE,6.862745098,3,0,0
ETH,UUU,6.926470588,4,0,0
SOL,SLX,6.990196078,5,0,0
ETH,CNN,7.053921569,0,0,0
ETH,SNOV,7.117647059,0,0,0
ETH,SHARE,7.181372549,0,0,0
SOL,YARD,7.245098039,0,0,0
ETH,MAS,7.308823529,0,0,0
PEG,PEG,7.37254902,0,0,0
ETH,LID,7.43627451,0,5,0
ETH,REX,7.5,0,0,0
BSC,TSUKI,7.56372549,0,0,0
ETH,BSD,7.62745098,0,0,0
KLKS,KLKS,7.691176471,0,0,0
BSC,BDL,7.754901961,0,0,0
ICX,BNUSD,7.818627451,0,0,0
XTZ,PAUL,7.882352941,0,0,0
XTZ,TDAO,7.946078431,0,0,0
XTZ,KUSD,8.009803922,0,0,0
XTZ,SMAK,8.073529412,0,0,0
SOL,PAI,8.137254902,0,0,2.018
MATIC,NDEFI,8.200980392,0,0,0
XTZ,UUSD,8.264705882,5,0,0
SOL,INO,8.328431373,4,0,0
ETH,LIT,8.392156863,3,0,0
XTZ,STKR,8.455882353,2,0,0
ATOM,XKI,8.519607843,1,0,0
SOL,UPS,8.583333333,1,0,0
SOL,GOD,8.647058824,2,0,0
MATIC,POLLY,8.710784314,3,0,0
ATOM,LUM,8.774509804,4,0,0
SOL,FUM,8.838235294,5,0,0
XTZ,INSTA,8.901960784,0,0,0
SOL,CPX,8.965686275,0,22,0
SOL,KDAO,9.029411765,0,0,0
XTZ,FLAME,9.093137255,0,0,0
XTZ,CRUNCH,9.156862745,0,0,0
XTZ,QUIPU,9.220588235,0,0,0
XTZ,YOU,9.284313725,0,0,0
DOT,ACA,9.348039216,0,0,0
ETH,STT,9.411764706,0,0,0
XTZ,FDAO,9.475490196,0,0,0
XTZ,CRDAO,9.539215686,0,0,0
SOL,PRT,9.602941176,0,0,0
XTZ,WRAP,9.666666667,0,0,0
SOL,SWERVE,9.730392157,0,0,0
SOL,SMRT,9.794117647,0,0,0
SOL,SBNK,9.857843137,0,0,0
SOL,SOLV,9.921568627,0,0,0
SOL,ALM,9.985294118,0,0,0
SOL,SOLAPE,10.04901961,0,0,0
SOL,GRAPE,10.1127451,5,0,0
SOL,WSTETH,10.17647059,4,0,0
CLO,CLO,10.24019608,3,0,0
SOL,TTT,10.30392157,2,0,0
ICX,BALN,10.36764706,1,0,0
SOL,SYP,10.43137255,1,0,0
BNB,AWC,10.49509804,2,0,0
FTM,SUMMIT,10.55882353,3,0,0
BSC,BCHAIN,10.62254902,4,0,0
SOL,GOFX,10.68627451,5,0,0
SOL,SOLFI,10.75,0,0,0
SOL,AGTE,10.81372549,0,0,0
MATIC,PZAP,10.87745098,0,0,0
SOL,TGT,10.94117647,0,0,0
XTZ,KALAM,11.00490196,0,0,0
SOL,XUSD,11.06862745,0,0,0
XTZ,PLENTY,11.13235294,0,0,0
SOL,METAS,11.19607843,0,0,0
FTM,STEAK,11.25980392,0,0,0
ATOM,IXO,11.32352941,0,0,0
SOL,LARIX,11.3872549,0,0,0
SOL,APT,11.45098039,0,0,0
ETH,GRAP,11.51470588,0,0,0
MATIC,ADDY,11.57843137,0,0,0
ETH,DVP,11.64215686,0,0,0
BITC,BITC,11.70588235,0,0,0
MATIC,GENX,11.76960784,0,0,0
ETH,JAR,11.83333333,0,0,0
SOL,SOLR,11.89705882,0,0,0
SOL,SONAR,11.96078431,0,1,0
MATIC,DQUICK,12.0245098,0,0,0