date,chain,Currency,API id,owner1,owner2,owner3,owner4,current price,owner1 token value,owner2 token value,owner3 token value,owner4 token value,total
2022-03-13 21:34:14.787481,BTC,BTC,bitcoin,4.568627451,1,0,0.0,38154.0,174311.41176545402,38154.0,0.0,0.0,212465.41176545402
2022-03-13 21:34:14.787481,SOL,WBTC,wrapped-bitcoin,3.740196078,0,0,0.0,38149.0,142684.740179622,0.0,0.0,0.0,142684.740179622
2022-03-13 21:34:14.787481,SOL,WSTETH,wrapped-steth,10.17647059,4,0,0.0,2691.11,27386.0017694549,10764.44,0.0,0.0,38150.4417694549
2022-03-13 21:34:14.787481,ETH,ETH,ethereum,4.504901961,2,0,0.0,2529.34,11394.42872603574,5058.68,0.0,0.0,16453.108726035738
2022-03-13 21:34:14.787481,BSC,BIFI,beefy-finance,0.171568627,0,3,0.0,1362.46,233.75539154242,0.0,4087.38,0.0,4321.13539154242
2022-03-13 21:34:14.787481,MATIC,DQUICK,dragons-quick,12.0245098,0,0,0.0,253.04,3042.6819597920003,0.0,0.0,0.0,3042.6819597920003
2022-03-13 21:34:14.787481,BSC,BNB,binancecoin,4.441176471,3,0,0.0,363.24,1613.2129413260402,1089.72,0.0,0.0,2702.9329413260402
2022-03-13 21:34:14.787481,XMR,XMR,monero,2.975490196,4,0,0.0,177.41,527.88171567236,709.64,0.0,0.0,1237.52171567236
2022-03-13 21:34:14.787481,BCH,BCH,bitcoin-cash,3.357843137,0,0,0.0,280.63,942.31151953631,0.0,0.0,0.0,942.31151953631
2022-03-13 21:34:14.787481,DOT,KSM,kusama,2.593137255,3,0,0.0,117.99,305.96426471744996,353.96999999999997,0.0,0.0,659.9342647174499
2022-03-13 21:34:14.787481,ETH,AAVE,aave,2.848039216,2,0,0.0,114.93,327.32514709488004,229.86,0.0,0.0,557.18514709488
2022-03-13 21:34:14.787481,XTZ,CRDAO,crunchy-dao,9.539215686,0,0,0.0,55.19,526.46931371034,0.0,0.0,0.0,526.46931371034
2022-03-13 21:34:14.787481,LTC,LTC,litecoin,3.549019608,0,0,0.0,102.0,362.000000016,0.0,0.0,0.0,362.000000016
2022-03-13 21:34:14.787481,FTM,LUNA,terra-luna,4.058823529,0,0,0.0,88.07,357.4605881990299,0.0,0.0,0.0,357.4605881990299
2022-03-13 21:34:14.787481,SOL,SOL,solana,4.18627451,0,0,0.0,78.78,329.7947058978,0.0,0.0,0.0,329.7947058978
2022-03-13 21:34:14.787481,FTM,AVAX,avalanche-2,3.931372549,0,0,0.0,67.7,266.1539215673,0.0,0.0,0.0,266.1539215673
2022-03-13 21:34:14.787481,SOL,STSOL,lido-staked-sol,1.0,2,0,0.0,81.2,81.2,162.4,0.0,0.0,243.60000000000002
2022-03-13 21:34:14.787481,DASH,DASH,dash,2.338235294,0,0,0.0,93.85,219.4433823419,0.0,0.0,0.0,219.4433823419
2022-03-13 21:34:14.787481,ETH,COMP,compound-governance-token,2.083333333,0,0,0.0,99.58,207.45833330014,0.0,0.0,0.0,207.45833330014
2022-03-13 21:34:14.787481,ETC,ETC,ethereum-classic,3.039215686,5,0,0.0,25.4,77.1960784244,127.0,0.0,0.0,204.1960784244
2022-03-13 21:34:14.787481,SOL,FTT,ftx-token,3.166666667,0,0,0.0,40.1,126.9833333467,0.0,0.0,0.0,126.9833333467
2022-03-13 21:34:14.787481,DOT,DOT,polkadot,3.995098039,0,0,3.11,17.27,68.99534313353,0.0,0.0,53.7097,122.70504313353
2022-03-13 21:34:14.787481,ATOM,ATOM,cosmos,3.676470588,0,0,0.0,26.24,96.47058822912,0.0,0.0,0.0,96.47058822912
2022-03-13 21:34:14.787481,FTM,SCREAM,scream,2.401960784,0,0,0.0,36.02,86.51862743968,0.0,0.0,0.0,86.51862743968
2022-03-13 21:34:14.787481,MATIC,QUICK,quick,0.490196078,0,0,0.0,176.35,86.44607835529999,0.0,0.0,0.0,86.44607835529999
2022-03-13 21:34:14.787481,SOL,TULIP,solfarm,2.720588235,5,0,0.0,10.39,28.266911761650004,51.95,0.0,0.0,80.21691176165001
2022-03-13 21:34:14.787481,ATOM,JUNO,juno-network,1.764705882,0,0,0.0,33.06,58.34117645892,0.0,0.0,0.0,58.34117645892
2022-03-13 21:34:14.787481,MATIC,NDEFI,polly-defi-nest,8.200980392,0,0,0.0,6.94,56.914803920480004,0.0,0.0,0.0,56.914803920480004
2022-03-13 21:34:14.787481,XTZ,FDAO,flamedefi,9.475490196,0,0,0.0,5.95,56.37916666620001,0.0,0.0,0.0,56.37916666620001
2022-03-13 21:34:14.787481,ETH,FARM,harvest-finance,0.553921569,0,0,0.0,88.21,48.861421601489994,0.0,0.0,0.0,48.861421601489994
2022-03-13 21:34:14.787481,FTM,LINK,chainlink,3.803921569,0,0,0.0,12.72,48.38588235768,0.0,0.0,0.0,48.38588235768
2022-03-13 21:34:14.787481,ETH,LPT,livepeer,1.955882353,0,0,0.0,22.48,43.96823529544,0.0,0.0,0.0,43.96823529544
2022-03-13 21:34:14.787481,ATOM,OSMO,osmosis,2.656862745,2,0,0.0,8.86,23.5398039207,17.72,0.0,0.0,41.259803920699994
2022-03-13 21:34:14.787481,ETH,FORTH,ampleforth-governance-token,0.93627451,4,0,0.0,6.46,6.0483333346,25.84,0.0,0.0,31.8883333346
2022-03-13 21:34:14.787481,SOL,UNI,uniswap,3.421568627,0,0,0.0,8.28,28.33058823156,0.0,0.0,0.0,28.33058823156
2022-03-13 21:34:14.787481,BSC,CAKE,pancakeswap-token,2.784313725,1,0,1.004,5.77,16.06549019325,5.77,0.0,5.79308,27.62857019325
2022-03-13 21:34:14.787481,FTM,BOO,spookyswap,0.87254902,1,0,0.0,11.39,9.938333337800001,11.39,0.0,0.0,21.328333337800004
2022-03-13 21:34:14.787481,ETH,STAKE,xdai-stake,2.083333333,0,0,0.0,9.59,19.97916666347,0.0,0.0,0.0,19.97916666347
2022-03-13 21:34:14.787481,MATIC,PICKLE,pickle-finance,4.18627451,0,0,0.59,3.93,16.4520588243,0.0,0.0,2.3186999999999998,18.7707588243
2022-03-13 21:34:14.787481,XTZ,XTZ,tezos,2.911764706,3,0,0.0,2.9,8.4441176474,8.7,0.0,0.0,17.1441176474
2022-03-13 21:34:14.787481,ERG,ERG,ergo,0.681372549,4,0,0.0,3.21,2.18720588229,12.84,0.0,0.0,15.02720588229
2022-03-13 21:34:14.787481,FTM,ANY,anyswap,1.573529412,0,0,0.0,9.26,14.57088235512,0.0,0.0,0.0,14.57088235512
2022-03-13 21:34:14.787481,FTM,CRV,curve-dao-token,2.465686275,5,0,0.0,1.94,4.7834313735,9.7,0.0,0.0,14.4834313735
2022-03-13 21:34:14.787481,ETH,MM,mm-token,6.480392157,4,0,0.0,1.33,8.61892156881,5.32,0.0,0.0,13.93892156881
2022-03-13 21:34:14.787481,XTZ,QUIPU,quipuswap-governance-token,9.220588235,0,0,0.0,1.48,13.646470587799998,0.0,0.0,0.0,13.646470587799998
2022-03-13 21:34:14.787481,XTZ,UUSD,youves-uusd,8.264705882,5,0,0.0,0.990587,8.186910205532733,4.952935,0.0,0.0,13.139845205532733
2022-03-13 21:34:14.787481,ETH,LIT,litentry,8.392156863,3,0,0.0,1.097,9.206196078711,3.291,0.0,0.0,12.497196078711001
2022-03-13 21:34:14.787481,XTZ,YOU,youves-you-governance,9.284313725,0,0,0.0,1.29,11.976764705250002,0.0,0.0,0.0,11.976764705250002
2022-03-13 21:34:14.787481,SOL,XUSD,synthetic-usd,11.06862745,0,0,0.0,0.991574,10.975363195106299,0.0,0.0,0.0,10.975363195106299
2022-03-13 21:34:14.787481,SOL,PAI,parrot-usd,8.137254902,0,0,2.018,0.999461,8.132868921607823,0.0,0.0,2.016912298,10.149781219607823
2022-03-13 21:34:14.787481,FTM,SUMMIT,summit-defi,10.55882353,3,0,0.0,0.734395,7.75434720631435,2.203185,0.0,0.0,9.95753220631435
2022-03-13 21:34:14.787481,BNB,AWC,atomic-wallet-coin,10.49509804,2,0,0.0,0.773256,8.11539753001824,1.546512,0.0,0.0,9.66190953001824
2022-03-13 21:34:14.787481,DOT,ACA,acala,9.348039216,0,0,0.0,1.005,9.394779412079998,0.0,0.0,0.0,9.394779412079998
2022-03-13 21:34:14.787481,SOL,KDAO,kolibri-dao,9.029411765,0,0,0.0,1.021,9.219029412065,0.0,0.0,0.0,9.219029412065
2022-03-13 21:34:14.787481,SOL,ORCA,orca,1.318627451,3,0,0.0,2.03,2.6768137255299997,6.09,0.0,0.0,8.76681372553
2022-03-13 21:34:14.787481,SOL,USDT,tether,4.37745098,4,0,0.0,1.0,4.37745098,4.0,0.0,0.0,8.377450979999999
2022-03-13 21:34:14.787481,XTZ,KUSD,kolibri-usd,8.009803922,0,0,0.0,1.016,8.137960784752,0.0,0.0,0.0,8.137960784752
2022-03-13 21:34:14.787481,ICX,BNUSD,balanced-dollars,7.818627451,0,0,0.0,1.016,7.943725490216,0.0,0.0,0.0,7.943725490216
2022-03-13 21:34:14.787481,ETH,PCT,percent,2.911764706,2,0,0.0,1.53,4.45500000018,3.06,0.0,0.0,7.515000000180001
2022-03-13 21:34:14.787481,ADA,ADA,cardano,4.31372549,5,0,0.0,0.789533,3.4058286272961706,3.947665,0.0,0.0,7.353493627296171
2022-03-13 21:34:14.787481,SOL,GTON,gton-capital,4.25,0,0,0.0,1.71,7.2675,0.0,0.0,0.0,7.2675
2022-03-13 21:34:14.787481,SOL,SNY,synthetify-token,3.230392157,4,0,0.0,0.940815,3.039201397187955,3.76326,0.0,0.0,6.802461397187955
2022-03-13 21:34:14.787481,ETH,BUIDL,dfohub,4.632352941,4,0,0.0,0.756184,3.5029111763371437,3.024736,0.0,0.0,6.527647176337144
2022-03-13 21:34:14.787481,ICX,BALN,balance-tokens,10.36764706,1,0,0.0,0.562093,5.827581838896579,0.562093,0.0,0.0,6.389674838896579
2022-03-13 21:34:14.787481,SOL,SUSHI,sushi,2.210784314,0,0,0.0,2.81,6.21230392234,0.0,0.0,0.0,6.21230392234
2022-03-13 21:34:14.787481,MATIC,ADDY,adamant,11.57843137,0,0,0.0,0.523763,6.06435394964531,0.0,0.0,0.0,6.06435394964531
2022-03-13 21:34:14.787481,ATOM,KAVA,kava,1.892156863,0,0,0.0,2.97,5.619705883110001,0.0,0.0,0.0,5.619705883110001
2022-03-13 21:34:14.787481,ETH,XFT,offshift,0.745098039,0,0,0.0,7.18,5.34980392002,0.0,0.0,0.0,5.34980392002
2022-03-13 21:34:14.787481,MATIC,MATIC,matic-network,3.867647059,0,0,0.0,1.36,5.26000000024,0.0,0.0,0.0,5.26000000024
2022-03-13 21:34:14.787481,SOL,RIN,aldrin,3.102941176,2,0,0.0,0.957662,2.971568852490512,1.915324,0.0,0.0,4.8868928524905115
2022-03-13 21:34:14.787481,MATIC,MIMATIC,mimatic,0.745098039,3,1,0.0,1.003,0.747333333117,3.0089999999999995,1.003,0.0,4.759333333117
2022-03-13 21:34:14.787481,ETH,INST,instadapp,1.382352941,4,0,0.0,0.877611,1.213168146903951,3.510444,0.0,0.0,4.723612146903951
2022-03-13 21:34:14.787481,ETH,NEXO,nexo,2.274509804,0,0,0.0,2.06,4.68549019624,0.0,0.0,0.0,4.68549019624
2022-03-13 21:34:14.787481,ETH,BAL,balancer,0.426470588,0,0,0.0,10.64,4.53764705632,0.0,0.0,0.0,4.53764705632
2022-03-13 21:34:14.787481,SOL,USDC,usd-coin,4.25,0,0,0.0,1.001,4.25425,0.0,0.0,0.0,4.25425
2022-03-13 21:34:14.787481,SOL,SLND,solend,2.210784314,0,0,0.0,1.92,4.24470588288,0.0,0.0,0.0,4.24470588288
2022-03-13 21:34:14.787481,ATOM,IXO,ixo,11.32352941,0,0,0.0,0.374759,4.24359455816219,0.0,0.0,0.0,4.24359455816219
2022-03-13 21:34:14.787481,SOL,SOLR,solrazr,11.89705882,0,0,0.0,0.346634,4.12392508701188,0.0,0.0,0.0,4.12392508701188
2022-03-13 21:34:14.787481,SOL,PORT,port-finance,3.549019608,0,2,0.0,0.701151,2.488398647168808,0.0,1.402302,0.0,3.890700647168808
2022-03-13 21:34:14.787481,FTM,DFYN,dfyn-network,2.593137255,0,40,0.0,0.08859,0.22972602942044998,0.0,3.5436,0.0,3.77332602942045
2022-03-13 21:34:14.787481,SOL,UST,terrausd,3.612745098,0,0,0.0,1.006,3.634421568588,0.0,0.0,0.0,3.634421568588
2022-03-13 21:34:14.787481,FTM,FTM,fantom,3.294117647,0,0,0.0,1.1,3.6235294117000003,0.0,0.0,0.0,3.6235294117000003
2022-03-13 21:34:14.787481,MINA,MINA,mina-protocol,2.147058824,0,0,0.0,1.64,3.52117647136,0.0,0.0,0.0,3.52117647136
2022-03-13 21:34:14.787481,MATIC,DAI,dai,3.485294118,0,0,0.0,1.0,3.485294118,0.0,0.0,0.0,3.485294118
2022-03-13 21:34:14.787481,XRP,XRP,ripple,4.12254902,0,0,0.0,0.759267,3.13011542676834,0.0,0.0,0.0,3.13011542676834
2022-03-13 21:34:14.787481,ETH,KEEP,keep-network,1.12745098,4,0,0.0,0.591271,0.66662906839558,2.365084,0.0,0.0,3.0317130683955797
2022-03-13 21:34:14.787481,SOL,RAY,raydium,1.318627451,0,0,0.0,2.29,3.0196568627900002,0.0,0.0,0.0,3.0196568627900002
2022-03-13 21:34:14.787481,SOL,IVN,investin,4.759803922,2,0,0.0,0.412788,1.9647899413545358,0.825576,0.0,0.0,2.7903659413545356
2022-03-13 21:34:14.787481,DERO,DERO,dero,0.235294118,0,0,0.0,11.16,2.62588235688,0.0,0.0,0.0,2.62588235688
2022-03-13 21:34:14.787481,BSC,XVS,venus,0.299019608,0,0,0.0,8.25,2.466911766,0.0,0.0,0.0,2.466911766
2022-03-13 21:34:14.787481,WTC,WTC,waltonchain,2.848039216,3,0,0.0,0.398753,1.135664181497648,1.196259,0.0,0.0,2.3319231814976478
2022-03-13 21:34:14.787481,SOL,SRM,serum,1.254901961,0,0,0.0,1.77,2.22117647097,0.0,0.0,0.0,2.22117647097
2022-03-13 21:34:14.787481,BSC,VAI,vai,1.191176471,1,0,0.004,0.894739,1.065792044486069,0.894739,0.0,0.003578956,1.9641100004860688
2022-03-13 21:34:14.787481,FTM,BEETS,beethoven-x,1.509803922,0,2,0.0,0.517572,0.781432235517384,0.0,1.035144,0.0,1.8165762355173842
2022-03-13 21:34:14.787481,ATOM,XKI,ki,8.519607843,1,0,0.0,0.187218,1.5950239411507738,0.187218,0.0,0.0,1.7822419411507737
2022-03-13 21:34:14.787481,BSC,TSUKI,tsuki-dao,7.56372549,0,0,0.0,0.227052,1.7173589999554801,0.0,0.0,0.0,1.7173589999554801
2022-03-13 21:34:14.787481,ETH,LRC,loopring,2.401960784,0,0,0.0,0.686204,1.648235097823936,0.0,0.0,0.0,1.648235097823936
2022-03-13 21:34:14.787481,SOL,GOFX,goosefx,10.68627451,5,0,0.0,0.093063,0.9944967647241301,0.46531500000000003,0.0,0.0,1.45981176472413
2022-03-13 21:34:14.787481,SOL,COPE,cope,3.166666667,3,0,0.0,0.230371,0.729508166743457,0.691113,0.0,0.0,1.420621166743457
2022-03-13 21:34:14.787481,ETH,CVP,concentrated-voting-power,2.019607843,0,0,0.0,0.677704,1.3686963136324721,0.0,0.0,0.0,1.3686963136324721
2022-03-13 21:34:14.787481,ETH,DHV,dehive,5.397058824,0,0,0.0,0.248441,1.340850691293384,0.0,0.0,0.0,1.340850691293384
2022-03-13 21:34:14.787481,ETH,PHA,pha,0.87254902,5,0,0.0,0.224356,0.19576160793112,1.12178,0.0,0.0,1.31754160793112
2022-03-13 21:34:14.787481,SOL,WAG,waggle-network,5.014705882,3,0,0.0,0.154321,0.7738744264161221,0.462963,0.0,0.0,1.2368374264161222
2022-03-13 21:34:14.787481,ETH,GRT,the-graph,2.720588235,1,0,0.0,0.330772,0.8998944116674201,0.330772,0.0,0.0,1.2306664116674202
2022-03-13 21:34:14.787481,MATIC,QI,qi-dao,1.573529412,0,0,0.0,0.750113,1.180324867823556,0.0,0.0,0.0,1.180324867823556
2022-03-13 21:34:14.787481,XTZ,PLENTY,plenty-dao,11.13235294,0,0,0.0,0.105979,1.1797956322282601,0.0,0.0,0.0,1.1797956322282601
2022-03-13 21:34:14.787481,SOL,SONAR,sonarwatch,11.96078431,0,1,0.0,0.086245,1.03155784281595,0.0,0.086245,0.0,1.1178028428159499
2022-03-13 21:34:14.787481,ETH,ALPHA,alpha-finance,1.06372549,3,0,0.0,0.256654,0.27300940191045997,0.769962,0.0,0.0,1.0429714019104601
2022-03-13 21:34:14.787481,MATIC,GENX,genx,11.76960784,0,0,0.0,0.086556,1.01873017619904,0.0,0.0,0.0,1.01873017619904
2022-03-13 21:34:14.787481,FTM,TAROT,tarot,2.465686275,0,0,0.0,0.387801,0.9561956031312749,0.0,0.0,0.0,0.9561956031312749
2022-03-13 21:34:14.787481,ETH,MTA,meta,2.338235294,0,0,0.0,0.366039,0.855885308780466,0.0,0.0,0.0,0.855885308780466
2022-03-13 21:34:14.787481,SOL,MNGO,mango-markets,0.617647059,5,0,0.0,0.149157,0.09212638237926302,0.745785,0.0,0.0,0.837911382379263
2022-03-13 21:34:14.787481,SOL,ROPE,rope-token,6.862745098,3,0,0.0,0.082136,0.563678431369328,0.24640800000000002,0.0,0.0,0.8100864313693281
2022-03-13 21:34:14.787481,ETH,KEX,kira-network,3.485294118,0,0,0.0,0.213971,0.745751867722578,0.0,0.0,0.0,0.745751867722578
2022-03-13 21:34:14.787481,XTZ,KALAM,kalamint,11.00490196,0,0,0.0,0.063584,0.69973568622464,0.0,0.0,0.0,0.69973568622464
2022-03-13 21:34:14.787481,SOL,TTT,tabtrader,10.30392157,2,0,0.0,0.055064,0.5673751373304801,0.110128,0.0,0.0,0.6775031373304801
2022-03-13 21:34:14.787481,SOL,RENDOGE,rendoge,5.588235294,0,0,0.0,0.116324,0.650045882339256,0.0,0.0,0.0,0.650045882339256
2022-03-13 21:34:14.787481,SOL,LDO,lido-dao,0.235294118,0,0,0.0,2.45,0.5764705891,0.0,0.0,0.0,0.5764705891
2022-03-13 21:34:14.787481,SOL,CRP,cropperfinance,4.823529412,1,1,0.0,0.084215,0.40621352943158,0.084215,0.084215,0.0,0.57464352943158
2022-03-13 21:34:14.787481,NYZO,NYZO,nyzo,5.078431373,4,0,0.0,0.05945,0.30191274512485,0.2378,0.0,0.0,0.53971274512485
2022-03-13 21:34:14.787481,ETH,RDN,raiden-network,3.995098039,0,0,0.0,0.131497,0.5253434068343831,0.0,0.0,0.0,0.5253434068343831
2022-03-13 21:34:14.787481,ETH,POLY,polymath,1.382352941,0,0,0.0,0.376185,0.5200204411100849,0.0,0.0,0.0,0.5200204411100849
2022-03-13 21:34:14.787481,ETH,REN,republic-protocol,1.446078431,0,0,0.0,0.350408,0.506717450849848,0.0,0.0,0.0,0.506717450849848
2022-03-13 21:34:14.787481,ARRR,ARRR,pirate-chain,0.362745098,0,0,0.0,1.37,0.49696078426,0.0,0.0,0.0,0.49696078426
2022-03-13 21:34:14.787481,SOL,FAB,fabric,4.568627451,5,0,0.0,0.051097,0.233443156863747,0.25548499999999996,0.0,0.0,0.48892815686374697
2022-03-13 21:34:14.787481,MATIC,COMBO,furucombo,4.058823529,0,0,0.0,0.114833,0.466086882305657,0.0,0.0,0.0,0.466086882305657
2022-03-13 21:34:14.787481,CELO,CUSD,celo-dollar,0.426470588,0,0,0.0,0.996875,0.4251378674125,0.0,0.0,0.0,0.4251378674125
2022-03-13 21:34:14.787481,FTM,TREEB,treeb,2.147058824,0,0,0.0,0.185103,0.397427029498872,0.0,0.0,0.0,0.397427029498872
2022-03-13 21:34:14.787481,ETH,SKU,sakura,2.784313725,4,0,0.0,0.056162,0.15637262742344998,0.224648,0.0,0.0,0.38102062742345
2022-03-13 21:34:14.787481,SOL,MER,mercurial,3.612745098,0,0,0.0,0.1048,0.3786156862704,0.0,0.0,0.0,0.3786156862704
2022-03-13 21:34:14.787481,ETH,FIN,definer,4.37745098,0,0,0.0,0.084264,0.36886152937872,0.0,0.0,0.0,0.36886152937872
2022-03-13 21:34:14.787481,SOL,METAS,metaseer,11.19607843,0,0,0.0,0.03246022,0.36342716897505456,0.0,0.0,0.0,0.36342716897505456
2022-03-13 21:34:14.787481,SOL,SOLD,solanax,6.098039216,0,0,0.0,0.059057,0.360131901979312,0.0,0.0,0.0,0.360131901979312
2022-03-13 21:34:14.787481,FTM,SPIRIT,spiritswap,0.617647059,0,4,0.0,0.077985,0.048167205896115006,0.0,0.31194,0.0,0.360107205896115
2022-03-13 21:34:14.787481,CSPR,CSPR,casper-network,1.191176471,5,0,0.0,0.056352,0.06712517649379199,0.28176,0.0,0.0,0.348885176493792
2022-03-13 21:34:14.787481,XTZ,INSTA,instaraise,8.901960784,0,0,0.0,0.03839164,0.3417608737134457,0.0,0.0,0.0,0.3417608737134457
2022-03-13 21:34:14.787481,SOL,LIQ,liq-protocol,4.441176471,0,0,0.0,0.074882,0.33256417650142206,0.0,0.0,0.0,0.33256417650142206
2022-03-13 21:34:14.787481,AVAX,PNG,pangolin,1.892156863,0,0,0.0,0.175551,0.332170029456513,0.0,0.0,0.0,0.332170029456513
2022-03-13 21:34:14.787481,ETH,RLY,rally-2,1.828431373,0,0,0.0,0.175219,0.320375916745687,0.0,0.0,0.0,0.320375916745687
2022-03-13 21:34:14.787481,ETH,NSURE,nsure-network,5.843137255,0,0,0.0,0.050123,0.292875568632365,0.0,0.0,0.0,0.292875568632365
2022-03-13 21:34:14.787481,ETH,LKR,polkalokr,5.460784314,0,0,0.0,0.052262,0.285391509818268,0.0,0.0,0.0,0.285391509818268
2022-03-13 21:34:14.787481,MATIC,MATRIX,matrixswap,6.034313725,0,0,0.0,0.04717904,0.284693128604324,0.0,0.0,0.0,0.284693128604324
2022-03-13 21:34:14.787481,SOL,SYP,sypool,10.43137255,1,0,0.0,0.02470558,0.25771310904382905,0.02470558,0.0,0.0,0.28241868904382905
2022-03-13 21:34:14.787481,DOT,BFC,bifrost,0.93627451,1,0,0.0,0.143773,0.13461099512623,0.143773,0.0,0.0,0.27838399512623
2022-03-13 21:34:14.787481,SOL,STEP,step-finance,1.955882353,0,0,0.0,0.140984,0.275748117655352,0.0,0.0,0.0,0.275748117655352
2022-03-13 21:34:14.787481,SOL,APT,apricot,11.45098039,0,0,0.0,0.02353399,0.26948725798845613,0.0,0.0,0.0,0.26948725798845613
2022-03-13 21:34:14.787481,SOL,GRAPE,grape-2,10.1127451,5,0,0.0,0.01683143,0.170211961258493,0.08415715000000001,0.0,0.0,0.25436911125849304
2022-03-13 21:34:14.787481,SOL,SLX,solex-finance,6.990196078,5,0,0.0,0.02098281,0.14667395616741918,0.10491405000000001,0.0,0.0,0.25158800616741916
2022-03-13 21:34:14.787481,ETH,QUAI,quai-dao,5.142156863,5,0,0.0,0.0223417,0.1148845259860871,0.11170849999999999,0.0,0.0,0.2265930259860871
2022-03-13 21:34:14.787481,DAG,DAG,constellation-labs,1.509803922,0,0,0.0,0.147477,0.22266135300479398,0.0,0.0,0.0,0.22266135300479398
2022-03-13 21:34:14.787481,SOL,AGTE,agronomist,10.81372549,0,0,0.0,0.01993512,0.2155729152902088,0.0,0.0,0.0,0.2155729152902088
2022-03-13 21:34:14.787481,SOL,MNDE,marinade,3.357843137,0,0,0.0,0.060155,0.201991053906235,0.0,0.0,0.0,0.201991053906235
2022-03-13 21:34:14.787481,ETH,FOAM,foam-protocol,3.039215686,1,0,0.0,0.04959072,0.1507168941040339,0.04959072,0.0,0.0,0.20030761410403392
2022-03-13 21:34:14.787481,TRX,TRX,tron,3.230392157,0,0,0.0,0.059601,0.19253460294935698,0.0,0.0,0.0,0.19253460294935698
2022-03-13 21:34:14.787481,ETH,HAI,hackenai,1.0,3,0,0.0,0.04594403,0.04594403,0.13783209,0.0,0.0,0.18377612
2022-03-13 21:34:14.787481,ATOM,IOV,starname,3.740196078,0,0,0.0,0.04769855,0.1784019296362869,0.0,0.0,0.0,0.1784019296362869
2022-03-13 21:34:14.787481,PHR,PHR,phore,6.352941176,0,0,0.0,0.02736454,0.17384531292829902,0.0,0.0,0.0,0.17384531292829902
2022-03-13 21:34:14.787481,ETH,UMB,umbrella-network,1.828431373,0,0,0.0,0.094781,0.173300553964313,0.0,0.0,0.0,0.173300553964313
2022-03-13 21:34:14.787481,AION,AION,aion,1.12745098,1,0,0.0,0.076249,0.08596700977402,0.076249,0.0,0.0,0.16221600977402
2022-03-13 21:34:14.787481,ETH,AMP,amp-token,2.529411765,4,0,0.0,0.02439528,0.061705708242469196,0.09758112,0.0,0.0,0.1592868282424692
2022-03-13 21:34:14.787481,ETH,MAN,matrix-ai-network,4.696078431,3,0,0.0,0.02028849,0.0952763402865592,0.06086547,0.0,0.0,0.15614181028655919
2022-03-13 21:34:14.787481,WAN,WAN,wanchain,0.362745098,0,0,0.0,0.429777,0.155899499983146,0.0,0.0,0.0,0.155899499983146
2022-03-13 21:34:14.787481,ETH,DMG,dmm-governance,5.906862745,0,0,0.0,0.02622335,0.15489772916409575,0.0,0.0,0.0,0.15489772916409575
2022-03-13 21:34:14.787481,ETH,PLE,plethori,5.779411765,0,0,0.0,0.02651297,0.15322937074309204,0.0,0.0,0.0,0.15322937074309204
2022-03-13 21:34:14.787481,ATOM,LUM,lum-network,8.774509804,4,0,0.0,0.01142839,0.10027852009893555,0.04571356,0.0,0.0,0.14599208009893555
2022-03-13 21:34:14.787481,FTM,OOE,openocean,1.700980392,0,0,0.0,0.084442,0.143634186261264,0.0,0.0,0.0,0.143634186261264
2022-03-13 21:34:14.787481,VET,VET,vechain,3.102941176,0,0,0.0,0.04491751,0.13937639130239177,0.0,0.0,0.0,0.13937639130239177
2022-03-13 21:34:14.787481,FTM,STEAK,steak-token,11.25980392,0,0,0.0,0.01209423,0.13617865836338158,0.0,0.0,0.0,0.13617865836338158
2022-03-13 21:34:14.787481,SOL,TGT,twirl-governance-token,10.94117647,0,0,0.0,0.01233411,0.13494967411039172,0.0,0.0,0.0,0.13494967411039172
2022-03-13 21:34:14.787481,XTZ,SMAK,smartlink,8.073529412,0,0,0.0,0.0165221,0.1333916602980052,0.0,0.0,0.0,0.1333916602980052
2022-03-13 21:34:14.787481,SOL,SOLV,solview,9.921568627,0,0,0.0,0.01270271,0.12603080901387917,0.0,0.0,0.0,0.12603080901387917
2022-03-13 21:34:14.787481,MATIC,DINO,dinoswap,4.504901961,0,0,0.0,0.02772691,0.12490701123147051,0.0,0.0,0.0,0.12490701123147051
2022-03-13 21:34:14.787481,ETH,KICK,kick,4.887254902,1,0,0.0,0.02030625,0.09924181985373749,0.02030625,0.0,0.0,0.11954806985373749
2022-03-13 21:34:14.787481,ETH,KYL,kylin-network,2.529411765,0,0,0.0,0.04706771,0.11905361942560815,0.0,0.0,0.0,0.11905361942560815
2022-03-13 21:34:14.787481,MATIC,YEL,yel-finance,3.294117647,5,0,0.0,0.01353104,0.04457283764626288,0.0676552,0.0,0.0,0.11222803764626288
2022-03-13 21:34:14.787481,SOL,PRISM,prism,6.671568627,1,0,0.0,0.01367465,0.09123136592520555,0.01367465,0.0,0.0,0.10490601592520554
2022-03-13 21:34:14.787481,ETH,SHARE,seigniorage-shares,7.181372549,0,0,0.0,0.01385861,0.09952384142129689,0.0,0.0,0.0,0.09952384142129689
2022-03-13 21:34:14.787481,XTZ,CRUNCH,crunchy-network,9.156862745,0,0,0.0,0.01062215,0.09726556960680174,0.0,0.0,0.0,0.09726556960680174
2022-03-13 21:34:14.787481,NKN,NKN,nkn,0.553921569,0,0,0.0,0.174647,0.096740740261143,0.0,0.0,0.0,0.096740740261143
2022-03-13 21:34:14.787481,ETH,WINGS,wings,5.970588235,0,2,0.0,0.01205007,0.07194600617292644,0.0,0.02410014,0.0,0.09604614617292645
2022-03-13 21:34:14.787481,ETH,PHNX,phoenixdao,5.524509804,0,0,0.0,0.01737605,0.09599415857979421,0.0,0.0,0.0,0.09599415857979421
2022-03-13 21:34:14.787481,ETH,RFUEL,rio-defi,3.803921569,0,0,0.0,0.02392534,0.09101011687165846,0.0,0.0,0.0,0.09101011687165846
2022-03-13 21:34:14.787481,XTZ,PAUL,paul-token,7.882352941,0,0,0.0,0.01137732,0.08968005176269811,0.0,0.0,0.0,0.08968005176269811
2022-03-13 21:34:14.787481,CLO,CLO,callisto,10.24019608,3,0,0.0,0.00638489,0.0653825255492312,0.01915467,0.0,0.0,0.0845371955492312
2022-03-13 21:34:14.787481,FTM,BRUSH,paint-swap,2.274509804,0,0,0.0,0.03654747,0.08312757882639588,0.0,0.0,0.0,0.08312757882639588
2022-03-13 21:34:14.787481,KAI,KAI,kardiachain,0.490196078,0,2,0.0,0.03171998,0.01554900979023844,0.0,0.06343996,0.0,0.07898896979023845
2022-03-13 21:34:14.787481,ATOM,EROWAN,sifchain,0.808823529,0,0,0.0,0.089215,0.072159191139735,0.0,0.0,0.0,0.072159191139735
2022-03-13 21:34:14.787481,ETH,TONE,te-food,3.421568627,0,0,0.0,0.02038556,0.06975059253982613,0.0,0.0,0.0,0.06975059253982613
2022-03-13 21:34:14.787481,ETH,ARMOR,armor,3.931372549,0,0,0.0,0.01755005,0.06899578480357746,0.0,0.0,0.0,0.06899578480357746
2022-03-13 21:34:14.787481,SOL,UPS,upfi-network,8.583333333,1,0,0.0,0.00694595,0.05961940416435135,0.00694595,0.0,0.0,0.06656535416435136
2022-03-13 21:34:14.787481,ETH,BSD,basis-dollar,7.62745098,0,0,0.0,0.00865622,0.06602489372209559,0.0,0.0,0.0,0.06602489372209559
2022-03-13 21:34:14.787481,KLP,KLP,kulupu,6.289215686,0,0,0.0,0.01027891,0.06464628200698226,0.0,0.0,0.0,0.06464628200698226
2022-03-13 21:34:14.787481,SOL,MDF,matrixetf,6.607843137,2,0,0.0,0.00747151,0.049370566076526866,0.01494302,0.0,0.0,0.06431358607652686
2022-03-13 21:34:14.787481,SOL,SOLFI,solfina,10.75,0,0,0.0,0.0058653,0.06305197500000001,0.0,0.0,0.0,0.06305197500000001
2022-03-13 21:34:14.787481,SOL,CPX,circlepod,8.965686275,0,22,0.0,0.00199838,0.0179168481382345,0.0,0.04396436,0.0,0.0618812081382345
2022-03-13 21:34:14.787481,SOL,DFL,defi-land,1.254901961,2,0,0.0,0.01744268,0.02188885333709548,0.03488536,0.0,0.0,0.05677421333709548
2022-03-13 21:34:14.787481,SOL,SOLAPE,solape-token,10.04901961,0,0,0.0,0.00556595,0.0559323406982795,0.0,0.0,0.0,0.0559323406982795
2022-03-13 21:34:14.787481,DOT,CLV,clover-finance,0.171568627,0,0,0.0,0.300202,0.051505244962654004,0.0,0.0,0.0,0.051505244962654004
2022-03-13 21:34:14.787481,XTZ,STKR,staker-dao,8.455882353,2,0,0.0,0.0048674,0.0411581617649922,0.0097348,0.0,0.0,0.0508929617649922
2022-03-13 21:34:14.787481,MATIC,PZAP,polyzap,10.87745098,0,0,0.0,0.00466071,0.0506966445569958,0.0,0.0,0.0,0.0506966445569958
2022-03-13 21:34:14.787481,ETH,GLQ,graphlinq-protocol,4.31372549,0,0,0.0,0.01110213,0.04789154117429371,0.0,0.0,0.0,0.04789154117429371
2022-03-13 21:34:14.787481,SOL,LARIX,larix,11.3872549,0,0,0.0,0.00407493,0.046402266609657,0.0,0.0,0.0,0.046402266609657
2022-03-13 21:34:14.787481,SOL,UBXT,upbots,3.867647059,0,0,0.0,0.01196525,0.04627736397269975,0.0,0.0,0.0,0.04627736397269975
2022-03-13 21:34:14.787481,ETH,JAR,jarvis,11.83333333,0,0,0.0,0.00379893,0.0449540049873369,0.0,0.0,0.0,0.0449540049873369
2022-03-13 21:34:14.787481,ETH,ESD,empty-set-dollar,5.333333333,0,0,0.0,0.0082535,0.0440186666639155,0.0,0.0,0.0,0.0440186666639155
2022-03-13 21:34:14.787481,ETH,LID,liquidity-dividends-protocol,7.43627451,0,5,0.0,0.00332618,0.0247343875496718,0.0,0.0166309,0.0,0.0413652875496718
2022-03-13 21:34:14.787481,BITC,BITC,bitcash,11.70588235,0,0,0.0,0.00343276,0.040183484695786,0.0,0.0,0.0,0.040183484695786
2022-03-13 21:34:14.787481,ETH,RADAR,dappradar,2.656862745,0,0,0.0,0.01173197,0.03117023401845765,0.0,0.0,0.0,0.03117023401845765
2022-03-13 21:34:14.787481,SOL,SBNK,solbank-token,9.857843137,0,0,0.0,0.00312348,0.03079077588155676,0.0,0.0,0.0,0.03079077588155676
2022-03-13 21:34:14.787481,ETH,REX,rex,7.5,0,0,0.0,0.00399062,0.029929650000000002,0.0,0.0,0.0,0.029929650000000002
2022-03-13 21:34:14.787481,ETH,PI,pchain,4.12254902,0,0,0.0,0.00596505,0.024591211031751003,0.0,0.0,0.0,0.024591211031751003
2022-03-13 21:34:14.787481,SOL,BART,bartertrade,6.735294118,1,0,0.0,0.00314091,0.02115495264816738,0.00314091,0.0,0.0,0.02429586264816738
2022-03-13 21:34:14.787481,ETH,SRN,sirin-labs-token,4.950980392,2,0,0.0,0.00343071,0.01698537794063832,0.00686142,0.0,0.0,0.02384679794063832
2022-03-13 21:34:14.787481,SOL,SBR,saber,0.681372549,0,0,0.0,0.03124758,0.02129124323468142,0.0,0.0,0.0,0.02129124323468142
2022-03-13 21:34:14.787481,SOL,PRT,parrot-protocol,9.602941176,0,0,0.0,0.00207295,0.0199064169107892,0.0,0.0,0.0,0.0199064169107892
2022-03-13 21:34:14.787481,HNS,HNS,handshake,0.107843137,0,0,0.0,0.165193,0.017814931330441,0.0,0.0,0.0,0.017814931330441
2022-03-13 21:34:14.787481,CKB,CKB,nervos-network,1.700980392,0,0,0.0,0.01014922,0.01726362421409424,0.0,0.0,0.0,0.01726362421409424
2022-03-13 21:34:14.787481,ETH,SS,sharder-protocol,6.544117647,3,0,0.0,0.0017611,0.0115248455881317,0.0052833,0.0,0.0,0.0168081455881317
2022-03-13 21:34:14.787481,ETH,DVP,decentralized-vulnerability-platform,11.64215686,0,0,0.0,0.00139338,0.0162219485255868,0.0,0.0,0.0,0.0162219485255868
2022-03-13 21:34:14.787481,SOL,YARD,solyard-finance,7.245098039,0,0,0.0,0.00153907,0.011150713038883731,0.0,0.0,0.0,0.011150713038883731
2022-03-13 21:34:14.787481,ETH,UNN,union-protocol-governance-token,5.651960784,0,0,0.0,0.00185923,0.01050829504843632,0.0,0.0,0.0,0.01050829504843632
2022-03-13 21:34:14.787481,ETH,SNOV,snovio,7.117647059,0,0,0.0,0.0013834,0.0098465529414206,0.0,0.0,0.0,0.0098465529414206
2022-03-13 21:34:14.787481,TUBE,TUBE,bittube,6.225490196,0,0,0.0,0.00152482,0.00949275196066472,0.0,0.0,0.0,0.00949275196066472
2022-03-13 21:34:14.787481,VET,VTHO,vethor-token,0.808823529,2,0,0.0,0.00303966,0.00245854852816014,0.00607932,0.0,0.0,0.00853786852816014
2022-03-13 21:34:14.787481,ETH,HOT,holotoken,2.019607843,0,0,0.0,0.00380994,0.00769458470535942,0.0,0.0,0.0,0.00769458470535942
2022-03-13 21:34:14.787481,MATIC,TEL,telcoin,1.637254902,0,0,0.0,0.00456838,0.00747960254919876,0.0,0.0,0.0,0.00747960254919876
2022-03-13 21:34:14.787481,SOL,SMRT,solminter,9.794117647,0,0,0.0,0.00064012,0.00626941058819764,0.0,0.0,0.0,0.00626941058819764
2022-03-13 21:34:14.787481,ATOM,LINA,linear,0.299019608,0,0,0.0,0.01772298,0.00529951853219184,0.0,0.0,0.0,0.00529951853219184
2022-03-13 21:34:14.787481,NIM,NIM,nimiq-2,1.764705882,0,0,0.0,0.0026958,0.0047572941166956,0.0,0.0,0.0,0.0047572941166956
2022-03-13 21:34:14.787481,ETH,MAS,midas-protocol,7.308823529,0,0,0.0,0.00057979,0.00423758279387891,0.0,0.0,0.0,0.00423758279387891
2022-03-13 21:34:14.787481,ETH,CNTR,centaur,5.715686275,0,0,0.0,0.00051068,0.0029188866669170002,0.0,0.0,0.0,0.0029188866669170002
2022-03-13 21:34:14.787481,XTZ,FLAME,flame,9.093137255,0,0,0.0,0.00023688,0.0021539823529644,0.0,0.0,0.0,0.0021539823529644
2022-03-13 21:34:14.787481,ETH,UBSN,silent-notary,1.446078431,5,0,0.0,0.00022578,0.00032649558815118005,0.0011289,0.0,0.0,0.00145539558815118
2022-03-13 21:34:14.787481,ETH,STT,scatter-cx,9.411764706,0,0,0.0,0.00014587,0.00137289411766422,0.0,0.0,0.0,0.00137289411766422
2022-03-13 21:34:14.787481,ETH,OCN,odyssey,5.205882353,0,0,0.0,0.00023562,0.00122661000001386,0.0,0.0,0.0,0.00122661000001386
2022-03-13 21:34:14.787481,ETH,GRAP,grap-finance,11.51470588,0,0,0.0,8.697e-05,0.0010014339703836,0.0,0.0,0.0,0.0010014339703836
2022-03-13 21:34:14.787481,MATIC,POLLY,polly,8.710784314,3,0,0.0,8.38e-05,0.0007299637255132,0.00025140000000000004,0.0,0.0,0.0009813637255132002
2022-03-13 21:34:14.787481,SOL,SWERVE,swerve-protocol,9.730392157,0,0,0.0,8.185e-05,0.00079643259805045,0.0,0.0,0.0,0.00079643259805045
2022-03-13 21:34:14.787481,ETH,UUU,u-network,6.926470588,4,0,0.0,5.613e-05,0.00038878279410444,0.00022452,0.0,0.0,0.00061330279410444
2022-03-13 21:34:14.787481,ETH,BAO,bao-finance,2.975490196,1,0,0.0,0.00012047,0.00035845730391212,0.00012047,0.0,0.0,0.00047892730391212
2022-03-13 21:34:14.787481,ETH,IMT,moneytoken,6.161764706,0,0,0.0,7.586e-05,0.00046743147059715996,0.0,0.0,0.0,0.00046743147059715996
2022-03-13 21:34:14.787481,ETH,BANCA,banca,6.799019608,2,0,0.0,2.481e-05,0.00016868367647448,4.962e-05,0.0,0.0,0.00021830367647448002
2022-03-13 21:34:14.787481,PEG,PEG,pegnet,7.37254902,0,0,0.0,2.67e-05,0.000196847058834,0.0,0.0,0.0,0.000196847058834
2022-03-13 21:34:14.787481,BSC,BDL,bundle-dao,7.754901961,0,0,0.0,2.512e-05,0.00019480313726031998,0.0,0.0,0.0,0.00019480313726031998
2022-03-13 21:34:14.787481,ETH,EXRN,exrnchain,5.269607843,0,0,0.0,3.164e-05,0.00016673039215252,0.0,0.0,0.0,0.00016673039215252
2022-03-13 21:34:14.787481,SOL,INO,nogoaltoken,8.328431373,4,0,0.0,1.131e-05,9.419455882863e-05,4.524e-05,0.0,0.0,0.00013943455882863
2022-03-13 21:34:14.787481,SOL,FUM,fumoney,8.838235294,5,0,0.0,7.84e-06,6.929176470496e-05,3.92e-05,0.0,0.0,0.00010849176470496
2022-03-13 21:34:14.787481,SOL,ALM,almond,9.985294118,0,0,0.0,9.27e-06,9.256367647386e-05,0.0,0.0,0.0,9.256367647386e-05
2022-03-13 21:34:14.787481,XTZ,TDAO,taco-dao,7.946078431,0,0,0.0,6.33e-06,5.029867646823e-05,0.0,0.0,0.0,5.029867646823e-05
2022-03-13 21:34:14.787481,ETH,CNN,cnn,7.053921569,0,0,0.0,4.57e-06,3.2236421570330004e-05,0.0,0.0,0.0,3.2236421570330004e-05
2022-03-13 21:34:14.787481,MATIC,WSG,wall-street-games,3.676470588,0,0,0.0,1.3339e-08,4.9040441173332e-08,0.0,0.0,0.0,4.9040441173332e-08
2022-03-13 21:34:14.787481,XTZ,WRAP,wrap-governance-token,9.666666667,0,0,0.0,8.83e-10,8.535666666961e-09,0.0,0.0,0.0,8.535666666961e-09
2022-03-13 21:34:14.787481,ETH,ZKS,zkswap,1.06372549,2,0,0.0,,,,,,
2022-03-13 21:34:14.787481,SOL,GOD,god-dao,8.647058824,2,0,0.0,,,,,,
